 ,market_open,market_close
2023-01-03,2023-01-03 14:30:00+00:00,2023-01-03 21:00:00+00:00
2023-01-04,2023-01-04 14:30:00+00:00,2023-01-04 21:00:00+00:00
2023-01-05,2023-01-05 14:30:00+00:00,2023-01-05 21:00:00+00:00
2023-01-06,2023-01-06 14:30:00+00:00,2023-01-06 21:00:00+00:00
2023-01-09,2023-01-09 14:30:00+00:00,2023-01-09 21:00:00+00:00
2023-01-10,2023-01-10 14:30:00+00:00,2023-01-10 21:00:00+00:00
2023-01-11,2023-01-11 14:30:00+00:00,2023-01-11 21:00:00+00:00
2023-01-12,2023-01-12 14:30:00+00:00,2023-01-12 21:00:00+00:00
2023-01-13,2023-01-13 14:30:00+00:00,2023-01-13 21:00:00+00:00
2023-01-17,2023-01-17 14:30:00+00:00,2023-01-17 21:00:00+00:00
2023-01-18,2023-01-18 14:30:00+00:00,2023-01-18 21:00:00+00:00
2023-01-19,2023-01-19 14:30:00+00:00,2023-01-19 21:00:00+00:00
2023-01-20,2023-01-20 14:30:00+00:00,2023-01-20 21:00:00+00:00
2023-01-23,2023-01-23 14:30:00+00:00,2023-01-23 21:00:00+00:00
2023-01-24,2023-01-24 14:30:00+00:00,2023-01-24 21:00:00+00:00
2023-01-25,2023-01-25 14:30:00+00:00,2023-01-25 21:00:00+00:00
2023-01-26,2023-01-26 14:30:00+00:00,2023-01-26 21:00:00+00:00
2023-01-27,2023-01-27 14:30:00+00:00,2023-01-27 21:00:00+00:00
2023-01-30,2023-01-30 14:30:00+00:00,2023-01-30 21:00:00+00:00
2023-01-31,2023-01-31 14:30:00+00:00,2023-01-31 21:00:00+00:00
2023-02-01,2023-02-01 14:30:00+00:00,2023-02-01 21:00:00+00:00
2023-02-02,2023-02-02 14:30:00+00:00,2023-02-02 21:00:00+00:00
2023-02-03,2023-02-03 14:30:00+00:00,2023-02-03 21:00:00+00:00
2023-02-06,2023-02-06 14:30:00+00:00,2023-02-06 21:00:00+00:00
2023-02-07,2023-02-07 14:30:00+00:00,2023-02-07 21:00:00+00:00
2023-02-08,2023-02-08 14:30:00+00:00,2023-02-08 21:00:00+00:00
2023-02-09,2023-02-09 14:30:00+00:00,2023-02-09 21:00:00+00:00
2023-02-10,2023-02-10 14:30:00+00:00,2023-02-10 21:00:00+00:00
2023-02-13,2023-02-13 14:30:00+00:00,2023-02-13 21:00:00+00:00
2023-02-14,2023-02-14 14:30:00+00:00,2023-02-14 21:00:00+00:00
2023-02-15,2023-02-15 14:30:00+00:00,2023-02-15 21:00:00+00:00
2023-02-16,2023-02-16 14:30:00+00:00,2023-02-16 21:00:00+00:00
2023-02-17,2023-02-17 14:30:00+00:00,2023-02-17 21:00:00+00:00
2023-02-21,2023-02-21 14:30:00+00:00,2023-02-21 21:00:00+00:00
2023-02-22,2023-02-22 14:30:00+00:00,2023-02-22 21:00:00+00:00
2023-02-23,2023-02-23 14:30:00+00:00,2023-02-23 21:00:00+00:00
2023-02-24,2023-02-24 14:30:00+00:00,2023-02-24 21:00:00+00:00
2023-02-27,2023-02-27 14:30:00+00:00,2023-02-27 21:00:00+00:00
2023-02-28,2023-02-28 14:30:00+00:00,2023-02-28 21:00:00+00:00
2023-03-01,2023-03-01 14:30:00+00:00,2023-03-01 21:00:00+00:00
2023-03-02,2023-03-02 14:30:00+00:00,2023-03-02 21:00:00+00:00
2023-03-03,2023-03-03 14:30:00+00:00,2023-03-03 21:00:00+00:00
2023-03-06,2023-03-06 14:30:00+00:00,2023-03-06 21:00:00+00:00
2023-03-07,2023-03-07 14:30:00+00:00,2023-03-07 21:00:00+00:00
2023-03-08,2023-03-08 14:30:00+00:00,2023-03-08 21:00:00+00:00
2023-03-09,2023-03-09 14:30:00+00:00,2023-03-09 21:00:00+00:00
2023-03-10,2023-03-10 14:30:00+00:00,2023-03-10 21:00:00+00:00
2023-03-13,2023-03-13 13:30:00+00:00,2023-03-13 20:00:00+00:00
2023-03-14,2023-03-14 13:30:00+00:00,2023-03-14 20:00:00+00:00
2023-03-15,2023-03-15 13:30:00+00:00,2023-03-15 20:00:00+00:00
2023-03-16,2023-03-16 13:30:00+00:00,2023-03-16 20:00:00+00:00
2023-03-17,2023-03-17 13:30:00+00:00,2023-03-17 20:00:00+00:00
2023-03-20,2023-03-20 13:30:00+00:00,2023-03-20 20:00:00+00:00
2023-03-21,2023-03-21 13:30:00+00:00,2023-03-21 20:00:00+00:00
2023-03-22,2023-03-22 13:30:00+00:00,2023-03-22 20:00:00+00:00
2023-03-23,2023-03-23 13:30:00+00:00,2023-03-23 20:00:00+00:00
2023-03-24,2023-03-24 13:30:00+00:00,2023-03-24 20:00:00+00:00
2023-03-27,2023-03-27 13:30:00+00:00,2023-03-27 20:00:00+00:00
2023-03-28,2023-03-28 13:30:00+00:00,2023-03-28 20:00:00+00:00
2023-03-29,2023-03-29 13:30:00+00:00,2023-03-29 20:00:00+00:00
2023-03-30,2023-03-30 13:30:00+00:00,2023-03-30 20:00:00+00:00
2023-03-31,2023-03-31 13:30:00+00:00,2023-03-31 20:00:00+00:00
2023-04-03,2023-04-03 13:30:00+00:00,2023-04-03 20:00:00+00:00
2023-04-04,2023-04-04 13:30:00+00:00,2023-04-04 20:00:00+00:00
2023-04-05,2023-04-05 13:30:00+00:00,2023-04-05 20:00:00+00:00
2023-04-06,2023-04-06 13:30:00+00:00,2023-04-06 20:00:00+00:00
2023-04-10,2023-04-10 13:30:00+00:00,2023-04-10 20:00:00+00:00
2023-04-11,2023-04-11 13:30:00+00:00,2023-04-11 20:00:00+00:00
2023-04-12,2023-04-12 13:30:00+00:00,2023-04-12 20:00:00+00:00
2023-04-13,2023-04-13 13:30:00+00:00,2023-04-13 20:00:00+00:00
2023-04-14,2023-04-14 13:30:00+00:00,2023-04-14 20:00:00+00:00
2023-04-17,2023-04-17 13:30:00+00:00,2023-04-17 20:00:00+00:00
2023-04-18,2023-04-18 13:30:00+00:00,2023-04-18 20:00:00+00:00
2023-04-19,2023-04-19 13:30:00+00:00,2023-04-19 20:00:00+00:00
2023-04-20,2023-04-20 13:30:00+00:00,2023-04-20 20:00:00+00:00
2023-04-21,2023-04-21 13:30:00+00:00,2023-04-21 20:00:00+00:00
2023-04-24,2023-04-24 13:30:00+00:00,2023-04-24 20:00:00+00:00
2023-04-25,2023-04-25 13:30:00+00:00,2023-04-25 20:00:00+00:00
2023-04-26,2023-04-26 13:30:00+00:00,2023-04-26 20:00:00+00:00
2023-04-27,2023-04-27 13:30:00+00:00,2023-04-27 20:00:00+00:00
2023-04-28,2023-04-28 13:30:00+00:00,2023-04-28 20:00:00+00:00
2023-05-01,2023-05-01 13:30:00+00:00,2023-05-01 20:00:00+00:00
2023-05-02,2023-05-02 13:30:00+00:00,2023-05-02 20:00:00+00:00
2023-05-03,2023-05-03 13:30:00+00:00,2023-05-03 20:00:00+00:00
2023-05-04,2023-05-04 13:30:00+00:00,2023-05-04 20:00:00+00:00
2023-05-05,2023-05-05 13:30:00+00:00,2023-05-05 20:00:00+00:00
2023-05-08,2023-05-08 13:30:00+00:00,2023-05-08 20:00:00+00:00
2023-05-09,2023-05-09 13:30:00+00:00,2023-05-09 20:00:00+00:00
2023-05-10,2023-05-10 13:30:00+00:00,2023-05-10 20:00:00+00:00
2023-05-11,2023-05-11 13:30:00+00:00,2023-05-11 20:00:00+00:00
2023-05-12,2023-05-12 13:30:00+00:00,2023-05-12 20:00:00+00:00
2023-05-15,2023-05-15 13:30:00+00:00,2023-05-15 20:00:00+00:00
2023-05-16,2023-05-16 13:30:00+00:00,2023-05-16 20:00:00+00:00
2023-05-17,2023-05-17 13:30:00+00:00,2023-05-17 20:00:00+00:00
2023-05-18,2023-05-18 13:30:00+00:00,2023-05-18 20:00:00+00:00
2023-05-19,2023-05-19 13:30:00+00:00,2023-05-19 20:00:00+00:00
2023-05-22,2023-05-22 13:30:00+00:00,2023-05-22 20:00:00+00:00
2023-05-23,2023-05-23 13:30:00+00:00,2023-05-23 20:00:00+00:00
2023-05-24,2023-05-24 13:30:00+00:00,2023-05-24 20:00:00+00:00
2023-05-25,2023-05-25 13:30:00+00:00,2023-05-25 20:00:00+00:00
2023-05-26,2023-05-26 13:30:00+00:00,2023-05-26 20:00:00+00:00
2023-05-30,2023-05-30 13:30:00+00:00,2023-05-30 20:00:00+00:00
2023-05-31,2023-05-31 13:30:00+00:00,2023-05-31 20:00:00+00:00
2023-06-01,2023-06-01 13:30:00+00:00,2023-06-01 20:00:00+00:00
2023-06-02,2023-06-02 13:30:00+00:00,2023-06-02 20:00:00+00:00
2023-06-05,2023-06-05 13:30:00+00:00,2023-06-05 20:00:00+00:00
2023-06-06,2023-06-06 13:30:00+00:00,2023-06-06 20:00:00+00:00
2023-06-07,2023-06-07 13:30:00+00:00,2023-06-07 20:00:00+00:00
2023-06-08,2023-06-08 13:30:00+00:00,2023-06-08 20:00:00+00:00
2023-06-09,2023-06-09 13:30:00+00:00,2023-06-09 20:00:00+00:00
2023-06-12,2023-06-12 13:30:00+00:00,2023-06-12 20:00:00+00:00
2023-06-13,2023-06-13 13:30:00+00:00,2023-06-13 20:00:00+00:00
2023-06-14,2023-06-14 13:30:00+00:00,2023-06-14 20:00:00+00:00
2023-06-15,2023-06-15 13:30:00+00:00,2023-06-15 20:00:00+00:00
2023-06-16,2023-06-16 13:30:00+00:00,2023-06-16 20:00:00+00:00
2023-06-20,2023-06-20 13:30:00+00:00,2023-06-20 20:00:00+00:00
2023-06-21,2023-06-21 13:30:00+00:00,2023-06-21 20:00:00+00:00
2023-06-22,2023-06-22 13:30:00+00:00,2023-06-22 20:00:00+00:00
2023-06-23,2023-06-23 13:30:00+00:00,2023-06-23 20:00:00+00:00
2023-06-26,2023-06-26 13:30:00+00:00,2023-06-26 20:00:00+00:00
2023-06-27,2023-06-27 13:30:00+00:00,2023-06-27 20:00:00+00:00
2023-06-28,2023-06-28 13:30:00+00:00,2023-06-28 20:00:00+00:00
2023-06-29,2023-06-29 13:30:00+00:00,2023-06-29 20:00:00+00:00
2023-06-30,2023-06-30 13:30:00+00:00,2023-06-30 20:00:00+00:00
2023-07-03,2023-07-03 13:30:00+00:00,2023-07-03 17:00:00+00:00
2023-07-05,2023-07-05 13:30:00+00:00,2023-07-05 20:00:00+00:00
2023-07-06,2023-07-06 13:30:00+00:00,2023-07-06 20:00:00+00:00
2023-07-07,2023-07-07 13:30:00+00:00,2023-07-07 20:00:00+00:00
2023-07-10,2023-07-10 13:30:00+00:00,2023-07-10 20:00:00+00:00
2023-07-11,2023-07-11 13:30:00+00:00,2023-07-11 20:00:00+00:00
2023-07-12,2023-07-12 13:30:00+00:00,2023-07-12 20:00:00+00:00
2023-07-13,2023-07-13 13:30:00+00:00,2023-07-13 20:00:00+00:00
2023-07-14,2023-07-14 13:30:00+00:00,2023-07-14 20:00:00+00:00
2023-07-17,2023-07-17 13:30:00+00:00,2023-07-17 20:00:00+00:00
2023-07-18,2023-07-18 13:30:00+00:00,2023-07-18 20:00:00+00:00
2023-07-19,2023-07-19 13:30:00+00:00,2023-07-19 20:00:00+00:00
2023-07-20,2023-07-20 13:30:00+00:00,2023-07-20 20:00:00+00:00
2023-07-21,2023-07-21 13:30:00+00:00,2023-07-21 20:00:00+00:00
2023-07-24,2023-07-24 13:30:00+00:00,2023-07-24 20:00:00+00:00
2023-07-25,2023-07-25 13:30:00+00:00,2023-07-25 20:00:00+00:00
2023-07-26,2023-07-26 13:30:00+00:00,2023-07-26 20:00:00+00:00
2023-07-27,2023-07-27 13:30:00+00:00,2023-07-27 20:00:00+00:00
2023-07-28,2023-07-28 13:30:00+00:00,2023-07-28 20:00:00+00:00
2023-07-31,2023-07-31 13:30:00+00:00,2023-07-31 20:00:00+00:00
2023-08-01,2023-08-01 13:30:00+00:00,2023-08-01 20:00:00+00:00
2023-08-02,2023-08-02 13:30:00+00:00,2023-08-02 20:00:00+00:00
2023-08-03,2023-08-03 13:30:00+00:00,2023-08-03 20:00:00+00:00
2023-08-04,2023-08-04 13:30:00+00:00,2023-08-04 20:00:00+00:00
2023-08-07,2023-08-07 13:30:00+00:00,2023-08-07 20:00:00+00:00
2023-08-08,2023-08-08 13:30:00+00:00,2023-08-08 20:00:00+00:00
2023-08-09,2023-08-09 13:30:00+00:00,2023-08-09 20:00:00+00:00
2023-08-10,2023-08-10 13:30:00+00:00,2023-08-10 20:00:00+00:00
2023-08-11,2023-08-11 13:30:00+00:00,2023-08-11 20:00:00+00:00
2023-08-14,2023-08-14 13:30:00+00:00,2023-08-14 20:00:00+00:00
2023-08-15,2023-08-15 13:30:00+00:00,2023-08-15 20:00:00+00:00
2023-08-16,2023-08-16 13:30:00+00:00,2023-08-16 20:00:00+00:00
2023-08-17,2023-08-17 13:30:00+00:00,2023-08-17 20:00:00+00:00
2023-08-18,2023-08-18 13:30:00+00:00,2023-08-18 20:00:00+00:00
2023-08-21,2023-08-21 13:30:00+00:00,2023-08-21 20:00:00+00:00
2023-08-22,2023-08-22 13:30:00+00:00,2023-08-22 20:00:00+00:00
2023-08-23,2023-08-23 13:30:00+00:00,2023-08-23 20:00:00+00:00
2023-08-24,2023-08-24 13:30:00+00:00,2023-08-24 20:00:00+00:00
2023-08-25,2023-08-25 13:30:00+00:00,2023-08-25 20:00:00+00:00
2023-08-28,2023-08-28 13:30:00+00:00,2023-08-28 20:00:00+00:00
2023-08-29,2023-08-29 13:30:00+00:00,2023-08-29 20:00:00+00:00
2023-08-30,2023-08-30 13:30:00+00:00,2023-08-30 20:00:00+00:00
2023-08-31,2023-08-31 13:30:00+00:00,2023-08-31 20:00:00+00:00
2023-09-01,2023-09-01 13:30:00+00:00,2023-09-01 20:00:00+00:00
2023-09-05,2023-09-05 13:30:00+00:00,2023-09-05 20:00:00+00:00
2023-09-06,2023-09-06 13:30:00+00:00,2023-09-06 20:00:00+00:00
2023-09-07,2023-09-07 13:30:00+00:00,2023-09-07 20:00:00+00:00
2023-09-08,2023-09-08 13:30:00+00:00,2023-09-08 20:00:00+00:00
2023-09-11,2023-09-11 13:30:00+00:00,2023-09-11 20:00:00+00:00
2023-09-12,2023-09-12 13:30:00+00:00,2023-09-12 20:00:00+00:00
2023-09-13,2023-09-13 13:30:00+00:00,2023-09-13 20:00:00+00:00
2023-09-14,2023-09-14 13:30:00+00:00,2023-09-14 20:00:00+00:00
2023-09-15,2023-09-15 13:30:00+00:00,2023-09-15 20:00:00+00:00
2023-09-18,2023-09-18 13:30:00+00:00,2023-09-18 20:00:00+00:00
2023-09-19,2023-09-19 13:30:00+00:00,2023-09-19 20:00:00+00:00
2023-09-20,2023-09-20 13:30:00+00:00,2023-09-20 20:00:00+00:00
2023-09-21,2023-09-21 13:30:00+00:00,2023-09-21 20:00:00+00:00
2023-09-22,2023-09-22 13:30:00+00:00,2023-09-22 20:00:00+00:00
2023-09-25,2023-09-25 13:30:00+00:00,2023-09-25 20:00:00+00:00
2023-09-26,2023-09-26 13:30:00+00:00,2023-09-26 20:00:00+00:00
2023-09-27,2023-09-27 13:30:00+00:00,2023-09-27 20:00:00+00:00
2023-09-28,2023-09-28 13:30:00+00:00,2023-09-28 20:00:00+00:00
2023-09-29,2023-09-29 13:30:00+00:00,2023-09-29 20:00:00+00:00
2023-10-02,2023-10-02 13:30:00+00:00,2023-10-02 20:00:00+00:00
2023-10-03,2023-10-03 13:30:00+00:00,2023-10-03 20:00:00+00:00
2023-10-04,2023-10-04 13:30:00+00:00,2023-10-04 20:00:00+00:00
2023-10-05,2023-10-05 13:30:00+00:00,2023-10-05 20:00:00+00:00
2023-10-06,2023-10-06 13:30:00+00:00,2023-10-06 20:00:00+00:00
2023-10-09,2023-10-09 13:30:00+00:00,2023-10-09 20:00:00+00:00
2023-10-10,2023-10-10 13:30:00+00:00,2023-10-10 20:00:00+00:00
2023-10-11,2023-10-11 13:30:00+00:00,2023-10-11 20:00:00+00:00
2023-10-12,2023-10-12 13:30:00+00:00,2023-10-12 20:00:00+00:00
2023-10-13,2023-10-13 13:30:00+00:00,2023-10-13 20:00:00+00:00
2023-10-16,2023-10-16 13:30:00+00:00,2023-10-16 20:00:00+00:00
2023-10-17,2023-10-17 13:30:00+00:00,2023-10-17 20:00:00+00:00
2023-10-18,2023-10-18 13:30:00+00:00,2023-10-18 20:00:00+00:00
2023-10-19,2023-10-19 13:30:00+00:00,2023-10-19 20:00:00+00:00
2023-10-20,2023-10-20 13:30:00+00:00,2023-10-20 20:00:00+00:00
2023-10-23,2023-10-23 13:30:00+00:00,2023-10-23 20:00:00+00:00
2023-10-24,2023-10-24 13:30:00+00:00,2023-10-24 20:00:00+00:00
2023-10-25,2023-10-25 13:30:00+00:00,2023-10-25 20:00:00+00:00
2023-10-26,2023-10-26 13:30:00+00:00,2023-10-26 20:00:00+00:00
2023-10-27,2023-10-27 13:30:00+00:00,2023-10-27 20:00:00+00:00
2023-10-30,2023-10-30 13:30:00+00:00,2023-10-30 20:00:00+00:00
2023-10-31,2023-10-31 13:30:00+00:00,2023-10-31 20:00:00+00:00
2023-11-01,2023-11-01 13:30:00+00:00,2023-11-01 20:00:00+00:00
2023-11-02,2023-11-02 13:30:00+00:00,2023-11-02 20:00:00+00:00
2023-11-03,2023-11-03 13:30:00+00:00,2023-11-03 20:00:00+00:00
2023-11-06,2023-11-06 14:30:00+00:00,2023-11-06 21:00:00+00:00
2023-11-07,2023-11-07 14:30:00+00:00,2023-11-07 21:00:00+00:00
2023-11-08,2023-11-08 14:30:00+00:00,2023-11-08 21:00:00+00:00
2023-11-09,2023-11-09 14:30:00+00:00,2023-11-09 21:00:00+00:00
2023-11-10,2023-11-10 14:30:00+00:00,2023-11-10 21:00:00+00:00
2023-11-13,2023-11-13 14:30:00+00:00,2023-11-13 21:00:00+00:00
2023-11-14,2023-11-14 14:30:00+00:00,2023-11-14 21:00:00+00:00
2023-11-15,2023-11-15 14:30:00+00:00,2023-11-15 21:00:00+00:00
2023-11-16,2023-11-16 14:30:00+00:00,2023-11-16 21:00:00+00:00
2023-11-17,2023-11-17 14:30:00+00:00,2023-11-17 21:00:00+00:00
2023-11-20,2023-11-20 14:30:00+00:00,2023-11-20 21:00:00+00:00
2023-11-21,2023-11-21 14:30:00+00:00,2023-11-21 21:00:00+00:00
2023-11-22,2023-11-22 14:30:00+00:00,2023-11-22 21:00:00+00:00
2023-11-24,2023-11-24 14:30:00+00:00,2023-11-24 18:00:00+00:00
2023-11-27,2023-11-27 14:30:00+00:00,2023-11-27 21:00:00+00:00
2023-11-28,2023-11-28 14:30:00+00:00,2023-11-28 21:00:00+00:00
2023-11-29,2023-11-29 14:30:00+00:00,2023-11-29 21:00:00+00:00
2023-11-30,2023-11-30 14:30:00+00:00,2023-11-30 21:00:00+00:00
2023-12-01,2023-12-01 14:30:00+00:00,2023-12-01 21:00:00+00:00
2023-12-04,2023-12-04 14:30:00+00:00,2023-12-04 21:00:00+00:00
2023-12-05,2023-12-05 14:30:00+00:00,2023-12-05 21:00:00+00:00
2023-12-06,2023-12-06 14:30:00+00:00,2023-12-06 21:00:00+00:00
2023-12-07,2023-12-07 14:30:00+00:00,2023-12-07 21:00:00+00:00
2023-12-08,2023-12-08 14:30:00+00:00,2023-12-08 21:00:00+00:00
2023-12-11,2023-12-11 14:30:00+00:00,2023-12-11 21:00:00+00:00
2023-12-12,2023-12-12 14:30:00+00:00,2023-12-12 21:00:00+00:00
2023-12-13,2023-12-13 14:30:00+00:00,2023-12-13 21:00:00+00:00
2023-12-14,2023-12-14 14:30:00+00:00,2023-12-14 21:00:00+00:00
2023-12-15,2023-12-15 14:30:00+00:00,2023-12-15 21:00:00+00:00
2023-12-18,2023-12-18 14:30:00+00:00,2023-12-18 21:00:00+00:00
2023-12-19,2023-12-19 14:30:00+00:00,2023-12-19 21:00:00+00:00
2023-12-20,2023-12-20 14:30:00+00:00,2023-12-20 21:00:00+00:00
2023-12-21,2023-12-21 14:30:00+00:00,2023-12-21 21:00:00+00:00
2023-12-22,2023-12-22 14:30:00+00:00,2023-12-22 21:00:00+00:00
2023-12-26,2023-12-26 14:30:00+00:00,2023-12-26 21:00:00+00:00
2023-12-27,2023-12-27 14:30:00+00:00,2023-12-27 21:00:00+00:00
2023-12-28,2023-12-28 14:30:00+00:00,2023-12-28 21:00:00+00:00
2023-12-29,2023-12-29 14:30:00+00:00,2023-12-29 21:00:00+00:00
